Pattern,Workload,RunID,StepIndex,Timestamp,Energy (Joules)
Baseline,High,20250707_095058,0,1751874357.288,175.333333333333
Baseline,High,20250707_095058,1,1751874367.288,175.333333333333
Baseline,High,20250707_095058,2,1751874377.288,175.333333333333
Baseline,High,20250707_095058,3,1751874387.288,1294.05
Baseline,High,20250707_095058,4,1751874397.288,1294.05
Baseline,High,20250707_095058,5,1751874407.288,1294.05
Baseline,High,20250707_095058,6,1751874417.288,2020.58
Baseline,High,20250707_095058,7,1751874427.288,2020.58
Baseline,High,20250707_095058,8,1751874437.288,2020.58
Baseline,High,20250707_095058,9,1751874447.288,2682.53666666667
Baseline,High,20250707_095058,10,1751874457.288,2682.53666666667
Baseline,High,20250707_095058,11,1751874467.288,2682.53666666667
Baseline,High,20250707_095058,12,1751874477.288,3363.29333333333
Baseline,High,20250707_095058,13,1751874487.288,3363.29333333333
Baseline,High,20250707_095058,14,1751874497.288,3363.29333333333
Baseline,High,20250707_095058,15,1751874507.288,3961.62333333333
Baseline,High,20250707_095058,16,1751874517.288,3961.62333333333
Baseline,High,20250707_095058,17,1751874527.288,3961.62333333333
Baseline,High,20250707_095058,18,1751874537.288,4577.07666666667
Baseline,High,20250707_095058,19,1751874547.288,4577.07666666667
Baseline,High,20250707_095058,20,1751874557.288,4577.07666666667
Baseline,High,20250707_095058,21,1751874567.288,5168.59333333333
Baseline,High,20250707_095058,22,1751874577.288,5168.59333333333
Baseline,High,20250707_095058,23,1751874587.288,5168.59333333333
Baseline,High,20250707_095058,24,1751874597.288,5774.54333333333
Baseline,High,20250707_095058,25,1751874607.288,5774.54333333333
Baseline,High,20250707_095058,26,1751874617.288,5774.54333333333
Baseline,High,20250707_095058,27,1751874627.288,6285.8
Baseline,High,20250707_095058,28,1751874637.288,6285.8
Baseline,High,20250707_095058,29,1751874647.288,6285.8
Baseline,High,20250707_095058,30,1751874657.288,5682.83666666667
Baseline,Medium,20250707_100208,0,1751875027.416,141.193333333334
Baseline,Medium,20250707_100208,1,1751875037.416,141.193333333334
Baseline,Medium,20250707_100208,2,1751875047.416,370.206666666667
Baseline,Medium,20250707_100208,3,1751875057.416,370.206666666667
Baseline,Medium,20250707_100208,4,1751875067.416,370.206666666667
Baseline,Medium,20250707_100208,5,1751875077.416,901.826666666667
Baseline,Medium,20250707_100208,6,1751875087.416,901.826666666667
Baseline,Medium,20250707_100208,7,1751875097.416,901.826666666667
Baseline,Medium,20250707_100208,8,1751875107.416,1357.41333333333
Baseline,Medium,20250707_100208,9,1751875117.416,1357.41333333333
Baseline,Medium,20250707_100208,10,1751875127.416,1357.41333333333
Baseline,Medium,20250707_100208,11,1751875137.416,1807.10333333333
Baseline,Medium,20250707_100208,12,1751875147.416,1807.10333333333
Baseline,Medium,20250707_100208,13,1751875157.416,1807.10333333333
Baseline,Medium,20250707_100208,14,1751875167.416,2322.95
Baseline,Medium,20250707_100208,15,1751875177.416,2322.95
Baseline,Medium,20250707_100208,16,1751875187.416,2322.95
Baseline,Medium,20250707_100208,17,1751875197.416,2799.57
Baseline,Medium,20250707_100208,18,1751875207.416,2799.57
Baseline,Medium,20250707_100208,19,1751875217.416,2799.57
Baseline,Medium,20250707_100208,20,1751875227.416,3306.11
Baseline,Medium,20250707_100208,21,1751875237.416,3306.11
Baseline,Medium,20250707_100208,22,1751875247.416,3306.11
Baseline,Medium,20250707_100208,23,1751875257.416,3749.88333333333
Baseline,Medium,20250707_100208,24,1751875267.416,3749.88333333333
Baseline,Medium,20250707_100208,25,1751875277.416,3749.88333333333
Baseline,Medium,20250707_100208,26,1751875287.416,4180.81666666667
Baseline,Medium,20250707_100208,27,1751875297.416,4180.81666666667
Baseline,Medium,20250707_100208,28,1751875307.416,4180.81666666667
Baseline,Medium,20250707_100208,29,1751875317.416,4349.12377346771
Baseline,Medium,20250707_100208,30,1751875327.416,4349.12377346771
Baseline,Low,20250707_101133,0,1751875592.742,264.567646546839
Baseline,Low,20250707_101133,1,1751875602.742,264.567646546839
Baseline,Low,20250707_101133,2,1751875612.742,264.567646546839
Baseline,Low,20250707_101133,3,1751875622.742,365.156666666667
Baseline,Low,20250707_101133,4,1751875632.742,365.156666666667
Baseline,Low,20250707_101133,5,1751875642.742,365.156666666667
Baseline,Low,20250707_101133,6,1751875652.742,837.826896937418
Baseline,Low,20250707_101133,7,1751875662.742,837.826896937418
Baseline,Low,20250707_101133,8,1751875672.742,837.826896937418
Baseline,Low,20250707_101133,9,1751875682.742,1281.93525209166
Baseline,Low,20250707_101133,10,1751875692.742,1281.93525209166
Baseline,Low,20250707_101133,11,1751875702.742,1281.93525209166
Baseline,Low,20250707_101133,12,1751875712.742,1726.40333333333
Baseline,Low,20250707_101133,13,1751875722.742,1726.40333333333
Baseline,Low,20250707_101133,14,1751875732.742,1726.40333333333
Baseline,Low,20250707_101133,15,1751875742.742,2127.67333333333
Baseline,Low,20250707_101133,16,1751875752.742,2127.67333333333
Baseline,Low,20250707_101133,17,1751875762.742,2127.67333333333
Baseline,Low,20250707_101133,18,1751875772.742,2575.92666666667
Baseline,Low,20250707_101133,19,1751875782.742,2575.92666666667
Baseline,Low,20250707_101133,20,1751875792.742,2575.92666666667
Baseline,Low,20250707_101133,21,1751875802.742,3023.69666666667
Baseline,Low,20250707_101133,22,1751875812.742,3023.69666666667
Baseline,Low,20250707_101133,23,1751875822.742,3023.69666666667
Baseline,Low,20250707_101133,24,1751875832.742,3461.76
Baseline,Low,20250707_101133,25,1751875842.742,3461.76
Baseline,Low,20250707_101133,26,1751875852.742,3461.76
Baseline,Low,20250707_101133,27,1751875862.742,3958.65867163455
Baseline,Low,20250707_101133,28,1751875872.742,3958.65867163455
Baseline,Low,20250707_101133,29,1751875882.742,3958.65867163455
Baseline,Low,20250707_101133,30,1751875892.742,4113.44666666667
Async Request Reply,Low,20250707_103614,0,1751877073.795,116.886666666667
Async Request Reply,Low,20250707_103614,1,1751877083.795,116.886666666667
Async Request Reply,Low,20250707_103614,2,1751877093.795,116.886666666667
Async Request Reply,Low,20250707_103614,3,1751877103.795,116.873333333333
Async Request Reply,Low,20250707_103614,4,1751877113.795,116.873333333333
Async Request Reply,Low,20250707_103614,5,1751877123.795,116.873333333333
Async Request Reply,Low,20250707_103614,6,1751877133.795,115.823333333333
Async Request Reply,Low,20250707_103614,7,1751877143.795,115.823333333333
Async Request Reply,Low,20250707_103614,8,1751877153.795,115.823333333333
Async Request Reply,Low,20250707_103614,9,1751877163.795,115.686666666667
Async Request Reply,Low,20250707_103614,10,1751877173.795,115.686666666667
Async Request Reply,Low,20250707_103614,11,1751877183.795,115.686666666667
Async Request Reply,Low,20250707_103614,12,1751877193.795,115.053333333333
Async Request Reply,Low,20250707_103614,13,1751877203.795,115.053333333333
Async Request Reply,Low,20250707_103614,14,1751877213.795,115.053333333333
Async Request Reply,Low,20250707_103614,15,1751877223.795,113.986666666667
Async Request Reply,Low,20250707_103614,16,1751877233.795,113.986666666667
Async Request Reply,Low,20250707_103614,17,1751877243.795,113.986666666667
Async Request Reply,Low,20250707_103614,18,1751877253.795,111.763333333333
Async Request Reply,Low,20250707_103614,19,1751877263.795,111.763333333333
Async Request Reply,Low,20250707_103614,20,1751877273.795,111.763333333333
Async Request Reply,Low,20250707_103614,21,1751877283.795,109.923333333333
Async Request Reply,Low,20250707_103614,22,1751877293.795,109.923333333333
Async Request Reply,Low,20250707_103614,23,1751877303.795,109.923333333333
Async Request Reply,Low,20250707_103614,24,1751877313.795,108.056666666667
Async Request Reply,Low,20250707_103614,25,1751877323.795,108.056666666667
Async Request Reply,Low,20250707_103614,26,1751877333.795,108.056666666667
Async Request Reply,Low,20250707_103614,27,1751877343.795,107.483333333333
Async Request Reply,Low,20250707_103614,28,1751877353.795,107.483333333333
Async Request Reply,Low,20250707_103614,29,1751877363.795,107.483333333333
Async Request Reply,Low,20250707_103614,30,1751877373.795,107.373333333333
Async Request Reply,Low,20250707_103614,0,1751877073.795,1926.9
Async Request Reply,Low,20250707_103614,1,1751877083.795,1926.9
Async Request Reply,Low,20250707_103614,2,1751877093.795,1926.9
Async Request Reply,Low,20250707_103614,3,1751877103.795,1801.27666666667
Async Request Reply,Low,20250707_103614,4,1751877113.795,1801.27666666667
Async Request Reply,Low,20250707_103614,5,1751877123.795,1801.27666666667
Async Request Reply,Low,20250707_103614,6,1751877133.795,1802.73
Async Request Reply,Low,20250707_103614,7,1751877143.795,1802.73
Async Request Reply,Low,20250707_103614,8,1751877153.795,1802.73
Async Request Reply,Low,20250707_103614,9,1751877163.795,1852.82666666667
Async Request Reply,Low,20250707_103614,10,1751877173.795,1852.82666666667
Async Request Reply,Low,20250707_103614,11,1751877183.795,1852.82666666667
Async Request Reply,Low,20250707_103614,12,1751877193.795,1898.5
Async Request Reply,Low,20250707_103614,13,1751877203.795,1898.5
Async Request Reply,Low,20250707_103614,14,1751877213.795,1898.5
Async Request Reply,Low,20250707_103614,15,1751877223.795,2140.24
Async Request Reply,Low,20250707_103614,16,1751877233.795,2140.24
Async Request Reply,Low,20250707_103614,17,1751877243.795,2140.24
Async Request Reply,Low,20250707_103614,18,1751877253.795,2572.35333333333
Async Request Reply,Low,20250707_103614,19,1751877263.795,2572.35333333333
Async Request Reply,Low,20250707_103614,20,1751877273.795,2572.35333333333
Async Request Reply,Low,20250707_103614,21,1751877283.795,2971.65
Async Request Reply,Low,20250707_103614,22,1751877293.795,2971.65
Async Request Reply,Low,20250707_103614,23,1751877303.795,2971.65
Async Request Reply,Low,20250707_103614,24,1751877313.795,3368.46333333333
Async Request Reply,Low,20250707_103614,25,1751877323.795,3368.46333333333
Async Request Reply,Low,20250707_103614,26,1751877333.795,3368.46333333333
Async Request Reply,Low,20250707_103614,27,1751877343.795,3812.06
Async Request Reply,Low,20250707_103614,28,1751877353.795,3812.06
Async Request Reply,Low,20250707_103614,29,1751877363.795,3812.06
Async Request Reply,Low,20250707_103614,30,1751877373.795,3930.89666666667
Async Request Reply,Medium,20250707_104252,0,1751877470.848,113.456666666667
Async Request Reply,Medium,20250707_104252,1,1751877480.848,113.456666666667
Async Request Reply,Medium,20250707_104252,2,1751877490.848,113.35
Async Request Reply,Medium,20250707_104252,3,1751877500.848,113.35
Async Request Reply,Medium,20250707_104252,4,1751877510.848,113.35
Async Request Reply,Medium,20250707_104252,5,1751877520.848,113.343333333333
Async Request Reply,Medium,20250707_104252,6,1751877530.848,113.343333333333
Async Request Reply,Medium,20250707_104252,7,1751877540.848,113.343333333333
Async Request Reply,Medium,20250707_104252,8,1751877550.848,114.253333333333
Async Request Reply,Medium,20250707_104252,9,1751877560.848,114.253333333333
Async Request Reply,Medium,20250707_104252,10,1751877570.848,114.253333333333
Async Request Reply,Medium,20250707_104252,11,1751877580.848,114.136666666667
Async Request Reply,Medium,20250707_104252,12,1751877590.848,114.136666666667
Async Request Reply,Medium,20250707_104252,13,1751877600.848,114.136666666667
Async Request Reply,Medium,20250707_104252,14,1751877610.848,116.516666666667
Async Request Reply,Medium,20250707_104252,15,1751877620.848,116.516666666667
Async Request Reply,Medium,20250707_104252,16,1751877630.848,116.516666666667
Async Request Reply,Medium,20250707_104252,17,1751877640.848,117.05
Async Request Reply,Medium,20250707_104252,18,1751877650.848,117.05
Async Request Reply,Medium,20250707_104252,19,1751877660.848,117.05
Async Request Reply,Medium,20250707_104252,20,1751877670.848,115.19
Async Request Reply,Medium,20250707_104252,21,1751877680.848,115.19
Async Request Reply,Medium,20250707_104252,22,1751877690.848,115.19
Async Request Reply,Medium,20250707_104252,23,1751877700.848,113.393333333333
Async Request Reply,Medium,20250707_104252,24,1751877710.848,113.393333333333
Async Request Reply,Medium,20250707_104252,25,1751877720.848,113.393333333333
Async Request Reply,Medium,20250707_104252,26,1751877730.848,113.936666666667
Async Request Reply,Medium,20250707_104252,27,1751877740.848,113.936666666667
Async Request Reply,Medium,20250707_104252,28,1751877750.848,113.936666666667
Async Request Reply,Medium,20250707_104252,29,1751877760.848,113.31
Async Request Reply,Medium,20250707_104252,30,1751877770.848,113.31
Async Request Reply,Medium,20250707_104252,0,1751877470.848,2624.17
Async Request Reply,Medium,20250707_104252,1,1751877480.848,2624.17
Async Request Reply,Medium,20250707_104252,2,1751877490.848,2390.98666666667
Async Request Reply,Medium,20250707_104252,3,1751877500.848,2390.98666666667
Async Request Reply,Medium,20250707_104252,4,1751877510.848,2390.98666666667
Async Request Reply,Medium,20250707_104252,5,1751877520.848,2347.63666666667
Async Request Reply,Medium,20250707_104252,6,1751877530.848,2347.63666666667
Async Request Reply,Medium,20250707_104252,7,1751877540.848,2347.63666666667
Async Request Reply,Medium,20250707_104252,8,1751877550.848,2307.16666666667
Async Request Reply,Medium,20250707_104252,9,1751877560.848,2307.16666666667
Async Request Reply,Medium,20250707_104252,10,1751877570.848,2307.16666666667
Async Request Reply,Medium,20250707_104252,11,1751877580.848,2294.01333333333
Async Request Reply,Medium,20250707_104252,12,1751877590.848,2294.01333333333
Async Request Reply,Medium,20250707_104252,13,1751877600.848,2294.01333333333
Async Request Reply,Medium,20250707_104252,14,1751877610.848,2194.74
Async Request Reply,Medium,20250707_104252,15,1751877620.848,2194.74
Async Request Reply,Medium,20250707_104252,16,1751877630.848,2194.74
Async Request Reply,Medium,20250707_104252,17,1751877640.848,2158.62666666667
Async Request Reply,Medium,20250707_104252,18,1751877650.848,2158.62666666667
Async Request Reply,Medium,20250707_104252,19,1751877660.848,2158.62666666667
Async Request Reply,Medium,20250707_104252,20,1751877670.848,2533.40333333333
Async Request Reply,Medium,20250707_104252,21,1751877680.848,2533.40333333333
Async Request Reply,Medium,20250707_104252,22,1751877690.848,2533.40333333333
Async Request Reply,Medium,20250707_104252,23,1751877700.848,2902.99333333333
Async Request Reply,Medium,20250707_104252,24,1751877710.848,2902.99333333333
Async Request Reply,Medium,20250707_104252,25,1751877720.848,2902.99333333333
Async Request Reply,Medium,20250707_104252,26,1751877730.848,3285.83333333333
Async Request Reply,Medium,20250707_104252,27,1751877740.848,3285.83333333333
Async Request Reply,Medium,20250707_104252,28,1751877750.848,3285.83333333333
Async Request Reply,Medium,20250707_104252,29,1751877760.848,3436.10666666667
Async Request Reply,Medium,20250707_104252,30,1751877770.848,3436.10666666667
Async Request Reply,High,20250707_104836,0,1751877815.574,113.816666666667
Async Request Reply,High,20250707_104836,1,1751877825.574,111.753333333333
Async Request Reply,High,20250707_104836,2,1751877835.574,111.753333333333
Async Request Reply,High,20250707_104836,3,1751877845.574,111.753333333333
Async Request Reply,High,20250707_104836,4,1751877855.574,111.95
Async Request Reply,High,20250707_104836,5,1751877865.574,111.95
Async Request Reply,High,20250707_104836,6,1751877875.574,111.95
Async Request Reply,High,20250707_104836,7,1751877885.574,111.76
Async Request Reply,High,20250707_104836,8,1751877895.574,111.76
Async Request Reply,High,20250707_104836,9,1751877905.574,111.76
Async Request Reply,High,20250707_104836,10,1751877915.574,111.563333333333
Async Request Reply,High,20250707_104836,11,1751877925.574,111.563333333333
Async Request Reply,High,20250707_104836,12,1751877935.574,111.563333333333
Async Request Reply,High,20250707_104836,13,1751877945.574,112.603333333333
Async Request Reply,High,20250707_104836,14,1751877955.574,112.603333333333
Async Request Reply,High,20250707_104836,15,1751877965.574,112.603333333333
Async Request Reply,High,20250707_104836,16,1751877975.574,111.87
Async Request Reply,High,20250707_104836,17,1751877985.574,111.87
Async Request Reply,High,20250707_104836,18,1751877995.574,111.87
Async Request Reply,High,20250707_104836,19,1751878005.574,110.756666666667
Async Request Reply,High,20250707_104836,20,1751878015.574,110.756666666667
Async Request Reply,High,20250707_104836,21,1751878025.574,110.756666666667
Async Request Reply,High,20250707_104836,22,1751878035.574,113.473333333333
Async Request Reply,High,20250707_104836,23,1751878045.574,113.473333333333
Async Request Reply,High,20250707_104836,24,1751878055.574,113.473333333333
Async Request Reply,High,20250707_104836,25,1751878065.574,116.39
Async Request Reply,High,20250707_104836,26,1751878075.574,116.39
Async Request Reply,High,20250707_104836,27,1751878085.574,116.39
Async Request Reply,High,20250707_104836,28,1751878095.574,120.896666666667
Async Request Reply,High,20250707_104836,29,1751878105.574,120.896666666667
Async Request Reply,High,20250707_104836,30,1751878115.574,120.896666666667
Async Request Reply,High,20250707_104836,0,1751877815.574,3104.93
Async Request Reply,High,20250707_104836,1,1751877825.574,2787.82333333333
Async Request Reply,High,20250707_104836,2,1751877835.574,2787.82333333333
Async Request Reply,High,20250707_104836,3,1751877845.574,2787.82333333333
Async Request Reply,High,20250707_104836,4,1751877855.574,2701.73
Async Request Reply,High,20250707_104836,5,1751877865.574,2701.73
Async Request Reply,High,20250707_104836,6,1751877875.574,2701.73
Async Request Reply,High,20250707_104836,7,1751877885.574,2730.27333333333
Async Request Reply,High,20250707_104836,8,1751877895.574,2730.27333333333
Async Request Reply,High,20250707_104836,9,1751877905.574,2730.27333333333
Async Request Reply,High,20250707_104836,10,1751877915.574,2710.94333333333
Async Request Reply,High,20250707_104836,11,1751877925.574,2710.94333333333
Async Request Reply,High,20250707_104836,12,1751877935.574,2710.94333333333
Async Request Reply,High,20250707_104836,13,1751877945.574,2703.94
Async Request Reply,High,20250707_104836,14,1751877955.574,2703.94
Async Request Reply,High,20250707_104836,15,1751877965.574,2703.94
Async Request Reply,High,20250707_104836,16,1751877975.574,2699.04333333333
Async Request Reply,High,20250707_104836,17,1751877985.574,2699.04333333333
Async Request Reply,High,20250707_104836,18,1751877995.574,2699.04333333333
Async Request Reply,High,20250707_104836,19,1751878005.574,2700.55333333333
Async Request Reply,High,20250707_104836,20,1751878015.574,2700.55333333333
Async Request Reply,High,20250707_104836,21,1751878025.574,2700.55333333333
Async Request Reply,High,20250707_104836,22,1751878035.574,2683.13666666667
Async Request Reply,High,20250707_104836,23,1751878045.574,2683.13666666667
Async Request Reply,High,20250707_104836,24,1751878055.574,2683.13666666667
Async Request Reply,High,20250707_104836,25,1751878065.574,2931.36333333333
Async Request Reply,High,20250707_104836,26,1751878075.574,2931.36333333333
Async Request Reply,High,20250707_104836,27,1751878085.574,2931.36333333333
Async Request Reply,High,20250707_104836,28,1751878095.574,3250.44666666667
Async Request Reply,High,20250707_104836,29,1751878105.574,3250.44666666667
Async Request Reply,High,20250707_104836,30,1751878115.574,3250.44666666667
Circuit Breaker,High,20250707_111741,0,1751879560.974,53.6450955
Circuit Breaker,High,20250707_111741,1,1751879570.974,61.2655955
Circuit Breaker,High,20250707_111741,2,1751879580.974,68.8860955
Circuit Breaker,High,20250707_111741,3,1751879590.974,74.010553
Circuit Breaker,High,20250707_111741,4,1751879600.974,81.3802196666667
Circuit Breaker,High,20250707_111741,5,1751879610.974,88.7498863333333
Circuit Breaker,High,20250707_111741,6,1751879620.974,96.35375025
Circuit Breaker,High,20250707_111741,7,1751879630.974,103.74150025
Circuit Breaker,High,20250707_111741,8,1751879640.974,111.12925025
Circuit Breaker,High,20250707_111741,9,1751879650.974,118.7730138
Circuit Breaker,High,20250707_111741,10,1751879660.974,126.1768138
Circuit Breaker,High,20250707_111741,11,1751879670.974,133.5806138
Circuit Breaker,High,20250707_111741,12,1751879680.974,141.051374
Circuit Breaker,High,20250707_111741,13,1751879690.974,148.458707333333
Circuit Breaker,High,20250707_111741,14,1751879700.974,155.866040666667
Circuit Breaker,High,20250707_111741,15,1751879710.974,164.928061285714
Circuit Breaker,High,20250707_111741,16,1751879720.974,172.410775571429
Circuit Breaker,High,20250707_111741,17,1751879730.974,179.893489857143
Circuit Breaker,High,20250707_111741,18,1751879740.974,187.3708575
Circuit Breaker,High,20250707_111741,19,1751879750.974,194.8533575
Circuit Breaker,High,20250707_111741,20,1751879760.974,202.3358575
Circuit Breaker,High,20250707_111741,21,1751879770.974,211.444174
Circuit Breaker,High,20250707_111741,22,1751879780.974,218.984840666667
Circuit Breaker,High,20250707_111741,23,1751879790.974,226.22
Circuit Breaker,High,20250707_111741,24,1751879800.974,224.04
Circuit Breaker,High,20250707_111741,25,1751879810.974,224.04
Circuit Breaker,High,20250707_111741,26,1751879820.974,224.04
Circuit Breaker,High,20250707_111741,27,1751879830.974,228.213333333333
Circuit Breaker,High,20250707_111741,28,1751879840.974,228.213333333333
Circuit Breaker,High,20250707_111741,29,1751879850.974,228.213333333333
Circuit Breaker,High,20250707_111741,30,1751879860.974,231.01
Circuit Breaker,High,20250707_111741,0,1751879560.974,43.809897
Circuit Breaker,High,20250707_111741,1,1751879570.974,49.306897
Circuit Breaker,High,20250707_111741,2,1751879580.974,54.803897
Circuit Breaker,High,20250707_111741,3,1751879590.974,935.915806
Circuit Breaker,High,20250707_111741,4,1751879600.974,1025.521806
Circuit Breaker,High,20250707_111741,5,1751879610.974,1115.127806
Circuit Breaker,High,20250707_111741,6,1751879620.974,1623.40272675
Circuit Breaker,High,20250707_111741,7,1751879630.974,1744.34197675
Circuit Breaker,High,20250707_111741,8,1751879640.974,1865.28122675
Circuit Breaker,High,20250707_111741,9,1751879650.974,2250.0512436
Circuit Breaker,High,20250707_111741,10,1751879660.974,2387.1748436
Circuit Breaker,High,20250707_111741,11,1751879670.974,2524.2984436
Circuit Breaker,High,20250707_111741,12,1751879680.974,2822.6765605
Circuit Breaker,High,20250707_111741,13,1751879690.974,2968.17872716667
Circuit Breaker,High,20250707_111741,14,1751879700.974,3113.68089383333
Circuit Breaker,High,20250707_111741,15,1751879710.974,3370.75492414286
Circuit Breaker,High,20250707_111741,16,1751879720.974,3521.31478128571
Circuit Breaker,High,20250707_111741,17,1751879730.974,3671.87463842857
Circuit Breaker,High,20250707_111741,18,1751879740.974,3911.389135125
Circuit Breaker,High,20250707_111741,19,1751879750.974,4065.468010125
Circuit Breaker,High,20250707_111741,20,1751879760.974,4283.713822875
Circuit Breaker,High,20250707_111741,21,1751879770.974,4436.84276833333
Circuit Breaker,High,20250707_111741,22,1751879780.974,4551.63887944445
Circuit Breaker,High,20250707_111741,23,1751879790.974,4663.69329244444
Circuit Breaker,High,20250707_111741,24,1751879800.974,4962.548657
Circuit Breaker,High,20250707_111741,25,1751879810.974,5090.88899033333
Circuit Breaker,High,20250707_111741,26,1751879820.974,5210.05
Circuit Breaker,High,20250707_111741,27,1751879830.974,5486.04443366667
Circuit Breaker,High,20250707_111741,28,1751879840.974,5628.43921144444
Circuit Breaker,High,20250707_111741,29,1751879850.974,5754.33333333333
Circuit Breaker,High,20250707_111741,30,1751879860.974,5461.00333333333
Circuit Breaker,Medium,20250707_112319,0,1751879898.892,234.513333333333
Circuit Breaker,Medium,20250707_112319,1,1751879908.892,234.513333333333
Circuit Breaker,Medium,20250707_112319,2,1751879918.892,233.04
Circuit Breaker,Medium,20250707_112319,3,1751879928.892,233.04
Circuit Breaker,Medium,20250707_112319,4,1751879938.892,233.04
Circuit Breaker,Medium,20250707_112319,5,1751879948.892,235.156666666667
Circuit Breaker,Medium,20250707_112319,6,1751879958.892,235.156666666667
Circuit Breaker,Medium,20250707_112319,7,1751879968.892,235.156666666667
Circuit Breaker,Medium,20250707_112319,8,1751879978.892,235.786666666667
Circuit Breaker,Medium,20250707_112319,9,1751879988.892,235.786666666667
Circuit Breaker,Medium,20250707_112319,10,1751879998.892,235.786666666667
Circuit Breaker,Medium,20250707_112319,11,1751880008.892,237.31
Circuit Breaker,Medium,20250707_112319,12,1751880018.892,237.31
Circuit Breaker,Medium,20250707_112319,13,1751880028.892,237.31
Circuit Breaker,Medium,20250707_112319,14,1751880038.892,237.213333333333
Circuit Breaker,Medium,20250707_112319,15,1751880048.892,237.213333333333
Circuit Breaker,Medium,20250707_112319,16,1751880058.892,237.213333333333
Circuit Breaker,Medium,20250707_112319,17,1751880068.892,238.903333333333
Circuit Breaker,Medium,20250707_112319,18,1751880078.892,238.903333333333
Circuit Breaker,Medium,20250707_112319,19,1751880088.892,238.903333333333
Circuit Breaker,Medium,20250707_112319,20,1751880098.892,238.053333333333
Circuit Breaker,Medium,20250707_112319,21,1751880108.892,238.053333333333
Circuit Breaker,Medium,20250707_112319,22,1751880118.892,238.053333333333
Circuit Breaker,Medium,20250707_112319,23,1751880128.892,238.77
Circuit Breaker,Medium,20250707_112319,24,1751880138.892,238.77
Circuit Breaker,Medium,20250707_112319,25,1751880148.892,238.77
Circuit Breaker,Medium,20250707_112319,26,1751880158.892,236.55
Circuit Breaker,Medium,20250707_112319,27,1751880168.892,236.55
Circuit Breaker,Medium,20250707_112319,28,1751880178.892,236.55
Circuit Breaker,Medium,20250707_112319,29,1751880188.892,238.63
Circuit Breaker,Medium,20250707_112319,30,1751880198.892,238.63
Circuit Breaker,Medium,20250707_112319,0,1751879898.892,4846.13333333333
Circuit Breaker,Medium,20250707_112319,1,1751879908.892,4846.13333333333
Circuit Breaker,Medium,20250707_112319,2,1751879918.892,4272.59666666667
Circuit Breaker,Medium,20250707_112319,3,1751879928.892,4272.59666666667
Circuit Breaker,Medium,20250707_112319,4,1751879938.892,4272.59666666667
Circuit Breaker,Medium,20250707_112319,5,1751879948.892,4175.08
Circuit Breaker,Medium,20250707_112319,6,1751879958.892,4175.08
Circuit Breaker,Medium,20250707_112319,7,1751879968.892,4175.08
Circuit Breaker,Medium,20250707_112319,8,1751879978.892,4103.99666666667
Circuit Breaker,Medium,20250707_112319,9,1751879988.892,4103.99666666667
Circuit Breaker,Medium,20250707_112319,10,1751879998.892,4103.99666666667
Circuit Breaker,Medium,20250707_112319,11,1751880008.892,4059.30666666667
Circuit Breaker,Medium,20250707_112319,12,1751880018.892,4059.30666666667
Circuit Breaker,Medium,20250707_112319,13,1751880028.892,4059.30666666667
Circuit Breaker,Medium,20250707_112319,14,1751880038.892,4044.84
Circuit Breaker,Medium,20250707_112319,15,1751880048.892,4044.84
Circuit Breaker,Medium,20250707_112319,16,1751880058.892,4044.84
Circuit Breaker,Medium,20250707_112319,17,1751880068.892,3990.56
Circuit Breaker,Medium,20250707_112319,18,1751880078.892,3990.56
Circuit Breaker,Medium,20250707_112319,19,1751880088.892,3990.56
Circuit Breaker,Medium,20250707_112319,20,1751880098.892,3964.2
Circuit Breaker,Medium,20250707_112319,21,1751880108.892,3964.2
Circuit Breaker,Medium,20250707_112319,22,1751880118.892,3964.2
Circuit Breaker,Medium,20250707_112319,23,1751880128.892,3948.11
Circuit Breaker,Medium,20250707_112319,24,1751880138.892,3948.11
Circuit Breaker,Medium,20250707_112319,25,1751880148.892,3948.11
Circuit Breaker,Medium,20250707_112319,26,1751880158.892,4346.94
Circuit Breaker,Medium,20250707_112319,27,1751880168.892,4346.94
Circuit Breaker,Medium,20250707_112319,28,1751880178.892,4346.94
Circuit Breaker,Medium,20250707_112319,29,1751880188.892,4746.52333333333
Circuit Breaker,Medium,20250707_112319,30,1751880198.892,4746.52333333333
Circuit Breaker,Low,20250707_112941,0,1751880280.807,256.596666666667
Circuit Breaker,Low,20250707_112941,1,1751880290.807,256.596666666667
Circuit Breaker,Low,20250707_112941,2,1751880300.807,256.596666666667
Circuit Breaker,Low,20250707_112941,3,1751880310.807,259.593333333333
Circuit Breaker,Low,20250707_112941,4,1751880320.807,259.593333333333
Circuit Breaker,Low,20250707_112941,5,1751880330.807,259.593333333333
Circuit Breaker,Low,20250707_112941,6,1751880340.807,260.123333333333
Circuit Breaker,Low,20250707_112941,7,1751880350.807,260.123333333333
Circuit Breaker,Low,20250707_112941,8,1751880360.807,260.123333333333
Circuit Breaker,Low,20250707_112941,9,1751880370.807,259.79
Circuit Breaker,Low,20250707_112941,10,1751880380.807,259.79
Circuit Breaker,Low,20250707_112941,11,1751880390.807,259.79
Circuit Breaker,Low,20250707_112941,12,1751880400.807,259.753333333333
Circuit Breaker,Low,20250707_112941,13,1751880410.807,259.753333333333
Circuit Breaker,Low,20250707_112941,14,1751880420.807,259.753333333333
Circuit Breaker,Low,20250707_112941,15,1751880430.807,261.486666666667
Circuit Breaker,Low,20250707_112941,16,1751880440.807,261.486666666667
Circuit Breaker,Low,20250707_112941,17,1751880450.807,261.486666666667
Circuit Breaker,Low,20250707_112941,18,1751880460.807,262.74
Circuit Breaker,Low,20250707_112941,19,1751880470.807,262.74
Circuit Breaker,Low,20250707_112941,20,1751880480.807,262.74
Circuit Breaker,Low,20250707_112941,21,1751880490.807,261.91
Circuit Breaker,Low,20250707_112941,22,1751880500.807,261.91
Circuit Breaker,Low,20250707_112941,23,1751880510.807,261.91
Circuit Breaker,Low,20250707_112941,24,1751880520.807,252.82
Circuit Breaker,Low,20250707_112941,25,1751880530.807,252.82
Circuit Breaker,Low,20250707_112941,26,1751880540.807,252.82
Circuit Breaker,Low,20250707_112941,27,1751880550.807,249.6
Circuit Breaker,Low,20250707_112941,28,1751880560.807,249.6
Circuit Breaker,Low,20250707_112941,29,1751880570.807,249.6
Circuit Breaker,Low,20250707_112941,30,1751880580.807,248.883333333333
Circuit Breaker,Low,20250707_112941,0,1751880280.807,3455.42333333333
Circuit Breaker,Low,20250707_112941,1,1751880290.807,3455.42333333333
Circuit Breaker,Low,20250707_112941,2,1751880300.807,3455.42333333333
Circuit Breaker,Low,20250707_112941,3,1751880310.807,3122.28666666667
Circuit Breaker,Low,20250707_112941,4,1751880320.807,3122.28666666667
Circuit Breaker,Low,20250707_112941,5,1751880330.807,3122.28666666667
Circuit Breaker,Low,20250707_112941,6,1751880340.807,3127.34333333333
Circuit Breaker,Low,20250707_112941,7,1751880350.807,3127.34333333333
Circuit Breaker,Low,20250707_112941,8,1751880360.807,3127.34333333333
Circuit Breaker,Low,20250707_112941,9,1751880370.807,3154.80333333333
Circuit Breaker,Low,20250707_112941,10,1751880380.807,3154.80333333333
Circuit Breaker,Low,20250707_112941,11,1751880390.807,3154.80333333333
Circuit Breaker,Low,20250707_112941,12,1751880400.807,3172.03666666667
Circuit Breaker,Low,20250707_112941,13,1751880410.807,3172.03666666667
Circuit Breaker,Low,20250707_112941,14,1751880420.807,3172.03666666667
Circuit Breaker,Low,20250707_112941,15,1751880430.807,3160.74
Circuit Breaker,Low,20250707_112941,16,1751880440.807,3160.74
Circuit Breaker,Low,20250707_112941,17,1751880450.807,3160.74
Circuit Breaker,Low,20250707_112941,18,1751880460.807,3219.24
Circuit Breaker,Low,20250707_112941,19,1751880470.807,3219.24
Circuit Breaker,Low,20250707_112941,20,1751880480.807,3219.24
Circuit Breaker,Low,20250707_112941,21,1751880490.807,3452.36666666667
Circuit Breaker,Low,20250707_112941,22,1751880500.807,3452.36666666667
Circuit Breaker,Low,20250707_112941,23,1751880510.807,3452.36666666667
Circuit Breaker,Low,20250707_112941,24,1751880520.807,3907.31666666667
Circuit Breaker,Low,20250707_112941,25,1751880530.807,3907.31666666667
Circuit Breaker,Low,20250707_112941,26,1751880540.807,3907.31666666667
Circuit Breaker,Low,20250707_112941,27,1751880550.807,4391.74666666667
Circuit Breaker,Low,20250707_112941,28,1751880560.807,4391.74666666667
Circuit Breaker,Low,20250707_112941,29,1751880570.807,4391.74666666667
Circuit Breaker,Low,20250707_112941,30,1751880580.807,4633.26333333333
Gateway Offloading,Low,20250707_115905,0,1751882044.442,34.0726711
Gateway Offloading,Low,20250707_115905,1,1751882054.442,36.6096711
Gateway Offloading,Low,20250707_115905,2,1751882064.442,33.44363222
Gateway Offloading,Low,20250707_115905,3,1751882074.442,35.61103222
Gateway Offloading,Low,20250707_115905,4,1751882084.442,37.77843222
Gateway Offloading,Low,20250707_115905,5,1751882094.442,34.7349720666667
Gateway Offloading,Low,20250707_115905,6,1751882104.442,36.6196387333333
Gateway Offloading,Low,20250707_115905,7,1751882114.442,38.5043054
Gateway Offloading,Low,20250707_115905,8,1751882124.442,36.3917108714286
Gateway Offloading,Low,20250707_115905,9,1751882134.442,38.0898537285714
Gateway Offloading,Low,20250707_115905,10,1751882144.442,39.7879965857143
Gateway Offloading,Low,20250707_115905,11,1751882154.442,37.970793775
Gateway Offloading,Low,20250707_115905,12,1751882164.442,39.525043775
Gateway Offloading,Low,20250707_115905,13,1751882174.442,41.079293775
Gateway Offloading,Low,20250707_115905,14,1751882184.442,40.0055686444444
Gateway Offloading,Low,20250707_115905,15,1751882194.442,41.4640130888889
Gateway Offloading,Low,20250707_115905,16,1751882204.442,42.9224575333333
Gateway Offloading,Low,20250707_115905,17,1751882214.442,17.94
Gateway Offloading,Low,20250707_115905,18,1751882224.442,17.94
Gateway Offloading,Low,20250707_115905,19,1751882234.442,17.94
Gateway Offloading,Low,20250707_115905,20,1751882244.442,17.8266666666667
Gateway Offloading,Low,20250707_115905,21,1751882254.442,17.8266666666667
Gateway Offloading,Low,20250707_115905,22,1751882264.442,17.8266666666667
Gateway Offloading,Low,20250707_115905,23,1751882274.442,17.2666666666667
Gateway Offloading,Low,20250707_115905,24,1751882284.442,17.2666666666667
Gateway Offloading,Low,20250707_115905,25,1751882294.442,17.2666666666667
Gateway Offloading,Low,20250707_115905,26,1751882304.442,18.0933333333333
Gateway Offloading,Low,20250707_115905,27,1751882314.442,18.0933333333333
Gateway Offloading,Low,20250707_115905,28,1751882324.442,18.0933333333333
Gateway Offloading,Low,20250707_115905,29,1751882334.442,17.6366666666667
Gateway Offloading,Low,20250707_115905,30,1751882344.442,17.6366666666667
Gateway Offloading,Low,20250707_115905,0,1751882044.442,224.346396883333
Gateway Offloading,Low,20250707_115905,1,1751882054.442,239.54156355
Gateway Offloading,Low,20250707_115905,2,1751882064.442,894.70756975
Gateway Offloading,Low,20250707_115905,3,1751882074.442,949.19006975
Gateway Offloading,Low,20250707_115905,4,1751882084.442,1003.67256975
Gateway Offloading,Low,20250707_115905,5,1751882094.442,1633.32816698667
Gateway Offloading,Low,20250707_115905,6,1751882104.442,1717.68923365333
Gateway Offloading,Low,20250707_115905,7,1751882114.442,1802.05030032
Gateway Offloading,Low,20250707_115905,8,1751882124.442,2233.24981156667
Gateway Offloading,Low,20250707_115905,9,1751882134.442,2333.09947823333
Gateway Offloading,Low,20250707_115905,10,1751882144.442,2432.9491449
Gateway Offloading,Low,20250707_115905,11,1751882154.442,2807.611520275
Gateway Offloading,Low,20250707_115905,12,1751882164.442,2918.170770275
Gateway Offloading,Low,20250707_115905,13,1751882174.442,3028.730020275
Gateway Offloading,Low,20250707_115905,14,1751882184.442,3446.12634868333
Gateway Offloading,Low,20250707_115905,15,1751882194.442,3467.56084868333
Gateway Offloading,Low,20250707_115905,16,1751882204.442,3488.99534868333
Gateway Offloading,Low,20250707_115905,17,1751882214.442,3870.57666666667
Gateway Offloading,Low,20250707_115905,18,1751882224.442,3870.57666666667
Gateway Offloading,Low,20250707_115905,19,1751882234.442,3870.57666666667
Gateway Offloading,Low,20250707_115905,20,1751882244.442,4403.35333333333
Gateway Offloading,Low,20250707_115905,21,1751882254.442,4403.35333333333
Gateway Offloading,Low,20250707_115905,22,1751882264.442,4403.35333333333
Gateway Offloading,Low,20250707_115905,23,1751882274.442,4925.17666666667
Gateway Offloading,Low,20250707_115905,24,1751882284.442,4925.17666666667
Gateway Offloading,Low,20250707_115905,25,1751882294.442,4925.17666666667
Gateway Offloading,Low,20250707_115905,26,1751882304.442,5441.21
Gateway Offloading,Low,20250707_115905,27,1751882314.442,5441.21
Gateway Offloading,Low,20250707_115905,28,1751882324.442,5441.21
Gateway Offloading,Low,20250707_115905,29,1751882334.442,5328.73666666667
Gateway Offloading,Low,20250707_115905,30,1751882344.442,5328.73666666667
Gateway Offloading,Medium,20250707_120444,0,1751882383.342,17.2866666666667
Gateway Offloading,Medium,20250707_120444,1,1751882393.342,17.4666666666667
Gateway Offloading,Medium,20250707_120444,2,1751882403.342,17.4666666666667
Gateway Offloading,Medium,20250707_120444,3,1751882413.342,17.4666666666667
Gateway Offloading,Medium,20250707_120444,4,1751882423.342,17.4633333333333
Gateway Offloading,Medium,20250707_120444,5,1751882433.342,17.4633333333333
Gateway Offloading,Medium,20250707_120444,6,1751882443.342,17.4633333333333
Gateway Offloading,Medium,20250707_120444,7,1751882453.342,16.9866666666667
Gateway Offloading,Medium,20250707_120444,8,1751882463.342,16.9866666666667
Gateway Offloading,Medium,20250707_120444,9,1751882473.342,16.9866666666667
Gateway Offloading,Medium,20250707_120444,10,1751882483.342,16.7433333333333
Gateway Offloading,Medium,20250707_120444,11,1751882493.342,16.7433333333333
Gateway Offloading,Medium,20250707_120444,12,1751882503.342,16.7433333333333
Gateway Offloading,Medium,20250707_120444,13,1751882513.342,16.7566666666667
Gateway Offloading,Medium,20250707_120444,14,1751882523.342,16.7566666666667
Gateway Offloading,Medium,20250707_120444,15,1751882533.342,16.7566666666667
Gateway Offloading,Medium,20250707_120444,16,1751882543.342,16.1733333333333
Gateway Offloading,Medium,20250707_120444,17,1751882553.342,16.1733333333333
Gateway Offloading,Medium,20250707_120444,18,1751882563.342,16.1733333333333
Gateway Offloading,Medium,20250707_120444,19,1751882573.342,15.8866666666667
Gateway Offloading,Medium,20250707_120444,20,1751882583.342,15.8866666666667
Gateway Offloading,Medium,20250707_120444,21,1751882593.342,15.8866666666667
Gateway Offloading,Medium,20250707_120444,22,1751882603.342,15.79
Gateway Offloading,Medium,20250707_120444,23,1751882613.342,15.79
Gateway Offloading,Medium,20250707_120444,24,1751882623.342,15.79
Gateway Offloading,Medium,20250707_120444,25,1751882633.342,16.42
Gateway Offloading,Medium,20250707_120444,26,1751882643.342,16.42
Gateway Offloading,Medium,20250707_120444,27,1751882653.342,16.42
Gateway Offloading,Medium,20250707_120444,28,1751882663.342,16.0766666666667
Gateway Offloading,Medium,20250707_120444,29,1751882673.342,16.0766666666667
Gateway Offloading,Medium,20250707_120444,30,1751882683.342,16.0766666666667
Gateway Offloading,Medium,20250707_120444,0,1751882383.342,4765.09666666667
Gateway Offloading,Medium,20250707_120444,1,1751882393.342,4221.45
Gateway Offloading,Medium,20250707_120444,2,1751882403.342,4221.45
Gateway Offloading,Medium,20250707_120444,3,1751882413.342,4221.45
Gateway Offloading,Medium,20250707_120444,4,1751882423.342,4151.65333333333
Gateway Offloading,Medium,20250707_120444,5,1751882433.342,4151.65333333333
Gateway Offloading,Medium,20250707_120444,6,1751882443.342,4151.65333333333
Gateway Offloading,Medium,20250707_120444,7,1751882453.342,4088.94666666667
Gateway Offloading,Medium,20250707_120444,8,1751882463.342,4088.94666666667
Gateway Offloading,Medium,20250707_120444,9,1751882473.342,4088.94666666667
Gateway Offloading,Medium,20250707_120444,10,1751882483.342,4119.91666666667
Gateway Offloading,Medium,20250707_120444,11,1751882493.342,4119.91666666667
Gateway Offloading,Medium,20250707_120444,12,1751882503.342,4119.91666666667
Gateway Offloading,Medium,20250707_120444,13,1751882513.342,4129.11666666667
Gateway Offloading,Medium,20250707_120444,14,1751882523.342,4129.11666666667
Gateway Offloading,Medium,20250707_120444,15,1751882533.342,4129.11666666667
Gateway Offloading,Medium,20250707_120444,16,1751882543.342,4086.55666666667
Gateway Offloading,Medium,20250707_120444,17,1751882553.342,4086.55666666667
Gateway Offloading,Medium,20250707_120444,18,1751882563.342,4086.55666666667
Gateway Offloading,Medium,20250707_120444,19,1751882573.342,4071.64
Gateway Offloading,Medium,20250707_120444,20,1751882583.342,4071.64
Gateway Offloading,Medium,20250707_120444,21,1751882593.342,4071.64
Gateway Offloading,Medium,20250707_120444,22,1751882603.342,4018.32666666667
Gateway Offloading,Medium,20250707_120444,23,1751882613.342,4018.32666666667
Gateway Offloading,Medium,20250707_120444,24,1751882623.342,4018.32666666667
Gateway Offloading,Medium,20250707_120444,25,1751882633.342,4356.66
Gateway Offloading,Medium,20250707_120444,26,1751882643.342,4356.66
Gateway Offloading,Medium,20250707_120444,27,1751882653.342,4356.66
Gateway Offloading,Medium,20250707_120444,28,1751882663.342,4741.51666666667
Gateway Offloading,Medium,20250707_120444,29,1751882673.342,4741.51666666667
Gateway Offloading,Medium,20250707_120444,30,1751882683.342,4741.51666666667
Gateway Offloading,High,20250707_121101,0,1751882760.488,15.3066666666667
Gateway Offloading,High,20250707_121101,1,1751882770.488,15.3066666666667
Gateway Offloading,High,20250707_121101,2,1751882780.488,14.9066666666667
Gateway Offloading,High,20250707_121101,3,1751882790.488,14.9066666666667
Gateway Offloading,High,20250707_121101,4,1751882800.488,14.9066666666667
Gateway Offloading,High,20250707_121101,5,1751882810.488,15.15
Gateway Offloading,High,20250707_121101,6,1751882820.488,15.15
Gateway Offloading,High,20250707_121101,7,1751882830.488,15.15
Gateway Offloading,High,20250707_121101,8,1751882840.488,15.6933333333333
Gateway Offloading,High,20250707_121101,9,1751882850.488,15.6933333333333
Gateway Offloading,High,20250707_121101,10,1751882860.488,15.6933333333333
Gateway Offloading,High,20250707_121101,11,1751882870.488,16.7433333333333
Gateway Offloading,High,20250707_121101,12,1751882880.488,16.7433333333333
Gateway Offloading,High,20250707_121101,13,1751882890.488,16.7433333333333
Gateway Offloading,High,20250707_121101,14,1751882900.488,16.6766666666667
Gateway Offloading,High,20250707_121101,15,1751882910.488,16.6766666666667
Gateway Offloading,High,20250707_121101,16,1751882920.488,16.6766666666667
Gateway Offloading,High,20250707_121101,17,1751882930.488,16.8833333333333
Gateway Offloading,High,20250707_121101,18,1751882940.488,16.8833333333333
Gateway Offloading,High,20250707_121101,19,1751882950.488,16.8833333333333
Gateway Offloading,High,20250707_121101,20,1751882960.488,17.3066666666667
Gateway Offloading,High,20250707_121101,21,1751882970.488,17.3066666666667
Gateway Offloading,High,20250707_121101,22,1751882980.488,17.3066666666667
Gateway Offloading,High,20250707_121101,23,1751882990.488,17.62
Gateway Offloading,High,20250707_121101,24,1751883000.488,17.62
Gateway Offloading,High,20250707_121101,25,1751883010.488,17.62
Gateway Offloading,High,20250707_121101,26,1751883020.488,17.3466666666667
Gateway Offloading,High,20250707_121101,27,1751883030.488,17.3466666666667
Gateway Offloading,High,20250707_121101,28,1751883040.488,17.3466666666667
Gateway Offloading,High,20250707_121101,29,1751883050.488,17.74
Gateway Offloading,High,20250707_121101,30,1751883060.488,17.74
Gateway Offloading,High,20250707_121101,0,1751882760.488,3451.12
Gateway Offloading,High,20250707_121101,1,1751882770.488,3451.12
Gateway Offloading,High,20250707_121101,2,1751882780.488,3169.48
Gateway Offloading,High,20250707_121101,3,1751882790.488,3169.48
Gateway Offloading,High,20250707_121101,4,1751882800.488,3169.48
Gateway Offloading,High,20250707_121101,5,1751882810.488,3136.56666666667
Gateway Offloading,High,20250707_121101,6,1751882820.488,3136.56666666667
Gateway Offloading,High,20250707_121101,7,1751882830.488,3136.56666666667
Gateway Offloading,High,20250707_121101,8,1751882840.488,3089.72
Gateway Offloading,High,20250707_121101,9,1751882850.488,3089.72
Gateway Offloading,High,20250707_121101,10,1751882860.488,3089.72
Gateway Offloading,High,20250707_121101,11,1751882870.488,3091.41666666667
Gateway Offloading,High,20250707_121101,12,1751882880.488,3091.41666666667
Gateway Offloading,High,20250707_121101,13,1751882890.488,3091.41666666667
Gateway Offloading,High,20250707_121101,14,1751882900.488,3078.88666666667
Gateway Offloading,High,20250707_121101,15,1751882910.488,3078.88666666667
Gateway Offloading,High,20250707_121101,16,1751882920.488,3078.88666666667
Gateway Offloading,High,20250707_121101,17,1751882930.488,3133.05333333333
Gateway Offloading,High,20250707_121101,18,1751882940.488,3133.05333333333
Gateway Offloading,High,20250707_121101,19,1751882950.488,3133.05333333333
Gateway Offloading,High,20250707_121101,20,1751882960.488,3289.55
Gateway Offloading,High,20250707_121101,21,1751882970.488,3289.55
Gateway Offloading,High,20250707_121101,22,1751882980.488,3289.55
Gateway Offloading,High,20250707_121101,23,1751882990.488,3778.41
Gateway Offloading,High,20250707_121101,24,1751883000.488,3778.41
Gateway Offloading,High,20250707_121101,25,1751883010.488,3778.41
Gateway Offloading,High,20250707_121101,26,1751883020.488,4256.99333333333
Gateway Offloading,High,20250707_121101,27,1751883030.488,4256.99333333333
Gateway Offloading,High,20250707_121101,28,1751883040.488,4256.99333333333
Gateway Offloading,High,20250707_121101,29,1751883050.488,4464.26
Gateway Offloading,High,20250707_121101,30,1751883060.488,4464.26
Request Collapsing,Low,20250715_111147,0,1752570406.605,112.781033
Request Collapsing,Low,20250715_111147,1,1752570416.605,120.255033
Request Collapsing,Low,20250715_111147,2,1752570426.605,116.9851728
Request Collapsing,Low,20250715_111147,3,1752570436.605,123.8035728
Request Collapsing,Low,20250715_111147,4,1752570446.605,130.6219728
Request Collapsing,Low,20250715_111147,5,1752570456.605,127.072267
Request Collapsing,Low,20250715_111147,6,1752570466.605,133.373267
Request Collapsing,Low,20250715_111147,7,1752570476.605,139.674267
Request Collapsing,Low,20250715_111147,8,1752570486.605,136.844159428571
Request Collapsing,Low,20250715_111147,9,1752570496.605,142.751016571429
Request Collapsing,Low,20250715_111147,10,1752570506.605,148.657873714286
Request Collapsing,Low,20250715_111147,11,1752570516.605,146.98658075
Request Collapsing,Low,20250715_111147,12,1752570526.605,152.60383075
Request Collapsing,Low,20250715_111147,13,1752570536.605,158.22108075
Request Collapsing,Low,20250715_111147,14,1752570546.605,157.144234
Request Collapsing,Low,20250715_111147,15,1752570556.605,158.726666666667
Request Collapsing,Low,20250715_111147,16,1752570566.605,158.726666666667
Request Collapsing,Low,20250715_111147,17,1752570576.605,145.126666666667
Request Collapsing,Low,20250715_111147,18,1752570586.605,145.126666666667
Request Collapsing,Low,20250715_111147,19,1752570596.605,145.126666666667
Request Collapsing,Low,20250715_111147,20,1752570606.605,129.823333333333
Request Collapsing,Low,20250715_111147,21,1752570616.605,129.823333333333
Request Collapsing,Low,20250715_111147,22,1752570626.605,129.823333333333
Request Collapsing,Low,20250715_111147,23,1752570636.605,117.176666666667
Request Collapsing,Low,20250715_111147,24,1752570646.605,117.176666666667
Request Collapsing,Low,20250715_111147,25,1752570656.605,117.176666666667
Request Collapsing,Low,20250715_111147,26,1752570666.605,103.786666666667
Request Collapsing,Low,20250715_111147,27,1752570676.605,103.786666666667
Request Collapsing,Low,20250715_111147,28,1752570686.605,103.786666666667
Request Collapsing,Low,20250715_111147,29,1752570696.605,100.256666666667
Request Collapsing,Low,20250715_111147,30,1752570706.605,100.256666666667
Request Collapsing,Low,20250715_111147,0,1752570406.605,832.543202
Request Collapsing,Low,20250715_111147,1,1752570416.605,841.399202
Request Collapsing,Low,20250715_111147,2,1752570426.605,1339.37879453333
Request Collapsing,Low,20250715_111147,3,1752570436.605,1350.2290612
Request Collapsing,Low,20250715_111147,4,1752570446.605,1361.07932786667
Request Collapsing,Low,20250715_111147,5,1752570456.605,2201.21089594444
Request Collapsing,Low,20250715_111147,6,1752570466.605,2228.46591183333
Request Collapsing,Low,20250715_111147,7,1752570476.605,2240.45141183333
Request Collapsing,Low,20250715_111147,8,1752570486.605,2504.43630504762
Request Collapsing,Low,20250715_111147,9,1752570496.605,2522.63716219048
Request Collapsing,Low,20250715_111147,10,1752570506.605,2540.83801933333
Request Collapsing,Low,20250715_111147,11,1752570516.605,3170.57731366667
Request Collapsing,Low,20250715_111147,12,1752570526.605,3191.51831366667
Request Collapsing,Low,20250715_111147,13,1752570536.605,3212.45931366667
Request Collapsing,Low,20250715_111147,14,1752570546.605,3798.65535911111
Request Collapsing,Low,20250715_111147,15,1752570556.605,3820.17713688889
Request Collapsing,Low,20250715_111147,16,1752570566.605,3837.69666666667
Request Collapsing,Low,20250715_111147,17,1752570576.605,4408.25150477778
Request Collapsing,Low,20250715_111147,18,1752570586.605,4422.54361588889
Request Collapsing,Low,20250715_111147,19,1752570596.605,4430.15
Request Collapsing,Low,20250715_111147,20,1752570606.605,4987.03394433333
Request Collapsing,Low,20250715_111147,21,1752570616.605,5001.65
Request Collapsing,Low,20250715_111147,22,1752570626.605,5001.65
Request Collapsing,Low,20250715_111147,23,1752570636.605,5493.07654877778
Request Collapsing,Low,20250715_111147,24,1752570646.605,5508.81333333333
Request Collapsing,Low,20250715_111147,25,1752570656.605,5508.81333333333
Request Collapsing,Low,20250715_111147,26,1752570666.605,6003.72731566667
Request Collapsing,Low,20250715_111147,27,1752570676.605,6019.12666666667
Request Collapsing,Low,20250715_111147,28,1752570686.605,6019.12666666667
Request Collapsing,Low,20250715_111147,29,1752570696.605,6030.61333333333
Request Collapsing,Low,20250715_111147,30,1752570706.605,6030.61333333333
Request Collapsing,Medium,20250715_114201,0,1752572221.549,190.126666666667
Request Collapsing,Medium,20250715_114201,1,1752572231.549,190.126666666667
Request Collapsing,Medium,20250715_114201,2,1752572241.549,190.126666666667
Request Collapsing,Medium,20250715_114201,3,1752572251.549,180.02
Request Collapsing,Medium,20250715_114201,4,1752572261.549,180.02
Request Collapsing,Medium,20250715_114201,5,1752572271.549,180.02
Request Collapsing,Medium,20250715_114201,6,1752572281.549,170.303333333333
Request Collapsing,Medium,20250715_114201,7,1752572291.549,170.303333333333
Request Collapsing,Medium,20250715_114201,8,1752572301.549,170.303333333333
Request Collapsing,Medium,20250715_114201,9,1752572311.549,160.656666666667
Request Collapsing,Medium,20250715_114201,10,1752572321.549,160.656666666667
Request Collapsing,Medium,20250715_114201,11,1752572331.549,160.656666666667
Request Collapsing,Medium,20250715_114201,12,1752572341.549,150.063333333333
Request Collapsing,Medium,20250715_114201,13,1752572351.549,150.063333333333
Request Collapsing,Medium,20250715_114201,14,1752572361.549,150.063333333333
Request Collapsing,Medium,20250715_114201,15,1752572371.549,141.146666666667
Request Collapsing,Medium,20250715_114201,16,1752572381.549,141.146666666667
Request Collapsing,Medium,20250715_114201,17,1752572391.549,141.146666666667
Request Collapsing,Medium,20250715_114201,18,1752572401.549,132.35
Request Collapsing,Medium,20250715_114201,19,1752572411.549,132.35
Request Collapsing,Medium,20250715_114201,20,1752572421.549,132.35
Request Collapsing,Medium,20250715_114201,21,1752572431.549,124.983333333333
Request Collapsing,Medium,20250715_114201,22,1752572441.549,124.983333333333
Request Collapsing,Medium,20250715_114201,23,1752572451.549,124.983333333333
Request Collapsing,Medium,20250715_114201,24,1752572461.549,118.85
Request Collapsing,Medium,20250715_114201,25,1752572471.549,118.85
Request Collapsing,Medium,20250715_114201,26,1752572481.549,118.85
Request Collapsing,Medium,20250715_114201,27,1752572491.549,116.77
Request Collapsing,Medium,20250715_114201,28,1752572501.549,116.77
Request Collapsing,Medium,20250715_114201,29,1752572511.549,116.77
Request Collapsing,Medium,20250715_114201,30,1752572521.549,118.766666666667
Request Collapsing,Medium,20250715_114201,0,1752572221.549,512.59
Request Collapsing,Medium,20250715_114201,1,1752572231.549,512.59
Request Collapsing,Medium,20250715_114201,2,1752572241.549,512.59
Request Collapsing,Medium,20250715_114201,3,1752572251.549,907.553333333334
Request Collapsing,Medium,20250715_114201,4,1752572261.549,907.553333333334
Request Collapsing,Medium,20250715_114201,5,1752572271.549,907.553333333334
Request Collapsing,Medium,20250715_114201,6,1752572281.549,1560.62333333333
Request Collapsing,Medium,20250715_114201,7,1752572291.549,1560.62333333333
Request Collapsing,Medium,20250715_114201,8,1752572301.549,1560.62333333333
Request Collapsing,Medium,20250715_114201,9,1752572311.549,2133.76
Request Collapsing,Medium,20250715_114201,10,1752572321.549,2133.76
Request Collapsing,Medium,20250715_114201,11,1752572331.549,2133.76
Request Collapsing,Medium,20250715_114201,12,1752572341.549,2648.20666666667
Request Collapsing,Medium,20250715_114201,13,1752572351.549,2648.20666666667
Request Collapsing,Medium,20250715_114201,14,1752572361.549,2648.20666666667
Request Collapsing,Medium,20250715_114201,15,1752572371.549,3148.18333333333
Request Collapsing,Medium,20250715_114201,16,1752572381.549,3148.18333333333
Request Collapsing,Medium,20250715_114201,17,1752572391.549,3148.18333333333
Request Collapsing,Medium,20250715_114201,18,1752572401.549,3665.10666666667
Request Collapsing,Medium,20250715_114201,19,1752572411.549,3665.10666666667
Request Collapsing,Medium,20250715_114201,20,1752572421.549,3665.10666666667
Request Collapsing,Medium,20250715_114201,21,1752572431.549,4271.22333333333
Request Collapsing,Medium,20250715_114201,22,1752572441.549,4271.22333333333
Request Collapsing,Medium,20250715_114201,23,1752572451.549,4271.22333333333
Request Collapsing,Medium,20250715_114201,24,1752572461.549,4783.66666666667
Request Collapsing,Medium,20250715_114201,25,1752572471.549,4783.66666666667
Request Collapsing,Medium,20250715_114201,26,1752572481.549,4783.66666666667
Request Collapsing,Medium,20250715_114201,27,1752572491.549,5284.81333333333
Request Collapsing,Medium,20250715_114201,28,1752572501.549,5284.81333333333
Request Collapsing,Medium,20250715_114201,29,1752572511.549,5284.81333333333
Request Collapsing,Medium,20250715_114201,30,1752572521.549,5406.12333333333
Request Collapsing,High,20250715_121256,0,1752574096.342,19.3657619999999
Request Collapsing,High,20250715_121256,1,1752574106.342,23.3957619999998
Request Collapsing,High,20250715_121256,2,1752574116.342,27.4257619999998
Request Collapsing,High,20250715_121256,3,1752574126.342,30.6400976999996
Request Collapsing,High,20250715_121256,4,1752574136.342,34.5655976999995
Request Collapsing,High,20250715_121256,5,1752574146.342,38.4910976999994
Request Collapsing,High,20250715_121256,6,1752574156.342,44.2229003999998
Request Collapsing,High,20250715_121256,7,1752574166.342,48.3155670666664
Request Collapsing,High,20250715_121256,8,1752574176.342,52.4082337333331
Request Collapsing,High,20250715_121256,9,1752574186.342,54.275526947692
Request Collapsing,High,20250715_121256,10,1752574196.342,58.206994185465
Request Collapsing,High,20250715_121256,11,1752574206.342,62.138461423238
Request Collapsing,High,20250715_121256,12,1752574216.342,62.4791161200001
Request Collapsing,High,20250715_121256,13,1752574226.342,66.1969161200001
Request Collapsing,High,20250715_121256,14,1752574236.342,69.9147161200001
Request Collapsing,High,20250715_121256,15,1752574246.342,71.9394452058598
Request Collapsing,High,20250715_121256,16,1752574256.342,75.5717583596756
Request Collapsing,High,20250715_121256,17,1752574266.342,79.2040715134914
Request Collapsing,High,20250715_121256,18,1752574276.342,82.6985283280962
Request Collapsing,High,20250715_121256,19,1752574286.342,86.3247967744369
Request Collapsing,High,20250715_121256,20,1752574296.342,89.9510652207776
Request Collapsing,High,20250715_121256,21,1752574306.342,92.0188307249999
Request Collapsing,High,20250715_121256,22,1752574316.342,95.5847057249999
Request Collapsing,High,20250715_121256,23,1752574326.342,99.1505807249999
Request Collapsing,High,20250715_121256,24,1752574336.342,103.839615408832
Request Collapsing,High,20250715_121256,25,1752574346.342,103.839615408832
Request Collapsing,High,20250715_121256,26,1752574356.342,103.839615408832
Request Collapsing,High,20250715_121256,27,1752574366.342,99.7462972359361
Request Collapsing,High,20250715_121256,28,1752574376.342,99.7462972359361
Request Collapsing,High,20250715_121256,0,1752574096.342,485.513589
Request Collapsing,High,20250715_121256,1,1752574106.342,586.548589
Request Collapsing,High,20250715_121256,2,1752574116.342,687.583589
Request Collapsing,High,20250715_121256,3,1752574126.342,1091.7569088
Request Collapsing,High,20250715_121256,4,1752574136.342,1231.6289088
Request Collapsing,High,20250715_121256,5,1752574146.342,1371.5009088
Request Collapsing,High,20250715_121256,6,1752574156.342,1625.6796336
Request Collapsing,High,20250715_121256,7,1752574166.342,1776.13030026667
Request Collapsing,High,20250715_121256,8,1752574176.342,1926.58096693333
Request Collapsing,High,20250715_121256,9,1752574186.342,2137.03588689573
Request Collapsing,High,20250715_121256,10,1752574196.342,2291.83284692107
Request Collapsing,High,20250715_121256,11,1752574206.342,2446.6298069464
Request Collapsing,High,20250715_121256,12,1752574216.342,2590.74399156
Request Collapsing,High,20250715_121256,13,1752574226.342,2744.90539156
Request Collapsing,High,20250715_121256,14,1752574236.342,2899.06679156
Request Collapsing,High,20250715_121256,15,1752574246.342,3121.54607450792
Request Collapsing,High,20250715_121256,16,1752574256.342,3279.15686555908
Request Collapsing,High,20250715_121256,17,1752574266.342,3436.76765661024
Request Collapsing,High,20250715_121256,18,1752574276.342,3668.94900911016
Request Collapsing,High,20250715_121256,19,1752574286.342,3829.8296715832
Request Collapsing,High,20250715_121256,20,1752574296.342,3990.71033405623
Request Collapsing,High,20250715_121256,21,1752574306.342,4158.524081625
Request Collapsing,High,20250715_121256,22,1752574316.342,4319.673456625
Request Collapsing,High,20250715_121256,23,1752574326.342,4480.822831625
Request Collapsing,High,20250715_121256,24,1752574336.342,4807.17886230051
Request Collapsing,High,20250715_121256,25,1752574346.342,4807.17886230051
Request Collapsing,High,20250715_121256,26,1752574356.342,4807.17886230051
Request Collapsing,High,20250715_121256,27,1752574366.342,4973.0615812534
Request Collapsing,High,20250715_121256,28,1752574376.342,4973.0615812534
Cache Aside,High,20250717_150309,0,1752757088.292,869.88
Cache Aside,High,20250717_150309,1,1752757098.292,869.88
Cache Aside,High,20250717_150309,2,1752757108.292,854.52
Cache Aside,High,20250717_150309,3,1752757118.292,854.52
Cache Aside,High,20250717_150309,4,1752757128.292,854.52
Cache Aside,High,20250717_150309,5,1752757138.292,839.833333333333
Cache Aside,High,20250717_150309,6,1752757148.292,839.833333333333
Cache Aside,High,20250717_150309,7,1752757158.292,839.833333333333
Cache Aside,High,20250717_150309,8,1752757168.292,814.34
Cache Aside,High,20250717_150309,9,1752757178.292,814.34
Cache Aside,High,20250717_150309,10,1752757188.292,814.34
Cache Aside,High,20250717_150309,11,1752757198.292,808.273333333333
Cache Aside,High,20250717_150309,12,1752757208.292,808.273333333333
Cache Aside,High,20250717_150309,13,1752757218.292,808.273333333333
Cache Aside,High,20250717_150309,14,1752757228.292,804.223333333333
Cache Aside,High,20250717_150309,15,1752757238.292,804.223333333333
Cache Aside,High,20250717_150309,16,1752757248.292,804.223333333333
Cache Aside,High,20250717_150309,17,1752757258.292,825.776666666667
Cache Aside,High,20250717_150309,18,1752757268.292,825.776666666667
Cache Aside,High,20250717_150309,19,1752757278.292,825.776666666667
Cache Aside,High,20250717_150309,20,1752757288.292,846.976666666667
Cache Aside,High,20250717_150309,21,1752757298.292,846.976666666667
Cache Aside,High,20250717_150309,22,1752757308.292,846.976666666667
Cache Aside,High,20250717_150309,23,1752757318.292,849.503333333333
Cache Aside,High,20250717_150309,24,1752757328.292,849.503333333333
Cache Aside,High,20250717_150309,25,1752757338.292,849.503333333333
Cache Aside,High,20250717_150309,26,1752757348.292,827.67
Cache Aside,High,20250717_150309,27,1752757358.292,827.67
Cache Aside,High,20250717_150309,28,1752757368.292,827.67
Cache Aside,High,20250717_150309,29,1752757378.292,818.073333333333
Cache Aside,High,20250717_150309,30,1752757388.292,818.073333333333
Cache Aside,High,20250717_150309,0,1752757088.292,3290.71
Cache Aside,High,20250717_150309,1,1752757098.292,3290.71
Cache Aside,High,20250717_150309,2,1752757108.292,2896.43333333333
Cache Aside,High,20250717_150309,3,1752757118.292,2896.43333333333
Cache Aside,High,20250717_150309,4,1752757128.292,2896.43333333333
Cache Aside,High,20250717_150309,5,1752757138.292,2824.73333333333
Cache Aside,High,20250717_150309,6,1752757148.292,2824.73333333333
Cache Aside,High,20250717_150309,7,1752757158.292,2824.73333333333
Cache Aside,High,20250717_150309,8,1752757168.292,2738.42666666667
Cache Aside,High,20250717_150309,9,1752757178.292,2738.42666666667
Cache Aside,High,20250717_150309,10,1752757188.292,2738.42666666667
Cache Aside,High,20250717_150309,11,1752757198.292,3014.03666666667
Cache Aside,High,20250717_150309,12,1752757208.292,3014.03666666667
Cache Aside,High,20250717_150309,13,1752757218.292,3014.03666666667
Cache Aside,High,20250717_150309,14,1752757228.292,3183.12333333333
Cache Aside,High,20250717_150309,15,1752757238.292,3183.12333333333
Cache Aside,High,20250717_150309,16,1752757248.292,3183.12333333333
Cache Aside,High,20250717_150309,17,1752757258.292,3152.68666666667
Cache Aside,High,20250717_150309,18,1752757268.292,3152.68666666667
Cache Aside,High,20250717_150309,19,1752757278.292,3152.68666666667
Cache Aside,High,20250717_150309,20,1752757288.292,3215.14
Cache Aside,High,20250717_150309,21,1752757298.292,3215.14
Cache Aside,High,20250717_150309,22,1752757308.292,3215.14
Cache Aside,High,20250717_150309,23,1752757318.292,3599.24333333333
Cache Aside,High,20250717_150309,24,1752757328.292,3599.24333333333
Cache Aside,High,20250717_150309,25,1752757338.292,3599.24333333333
Cache Aside,High,20250717_150309,26,1752757348.292,4099.83333333333
Cache Aside,High,20250717_150309,27,1752757358.292,4099.83333333333
Cache Aside,High,20250717_150309,28,1752757368.292,4099.83333333333
Cache Aside,High,20250717_150309,29,1752757378.292,4363.46666666667
Cache Aside,High,20250717_150309,30,1752757388.292,4363.46666666667
Cache Aside,Low,20250717_144612,0,1752756071.459,535.36186695
Cache Aside,Low,20250717_144612,1,1752756081.459,545.11336695
Cache Aside,Low,20250717_144612,2,1752756091.459,422.133253033333
Cache Aside,Low,20250717_144612,3,1752756101.459,454.835586366667
Cache Aside,Low,20250717_144612,4,1752756111.459,487.5379197
Cache Aside,Low,20250717_144612,5,1752756121.459,475.512851275
Cache Aside,Low,20250717_144612,6,1752756131.459,508.394601275
Cache Aside,Low,20250717_144612,7,1752756141.459,541.276351275
Cache Aside,Low,20250717_144612,8,1752756151.459,548.88199646
Cache Aside,Low,20250717_144612,9,1752756161.459,580.31619646
Cache Aside,Low,20250717_144612,10,1752756171.459,611.75039646
Cache Aside,Low,20250717_144612,11,1752756181.459,631.408436266667
Cache Aside,Low,20250717_144612,12,1752756191.459,662.267102933333
Cache Aside,Low,20250717_144612,13,1752756201.459,693.1257696
Cache Aside,Low,20250717_144612,14,1752756211.459,712.087322757143
Cache Aside,Low,20250717_144612,15,1752756221.459,742.438894185714
Cache Aside,Low,20250717_144612,16,1752756231.459,772.790465614286
Cache Aside,Low,20250717_144612,17,1752756241.459,793.1080065875
Cache Aside,Low,20250717_144612,18,1752756251.459,823.0803815875
Cache Aside,Low,20250717_144612,19,1752756261.459,899.17125
Cache Aside,Low,20250717_144612,20,1752756271.459,889.156666666667
Cache Aside,Low,20250717_144612,21,1752756281.459,889.156666666667
Cache Aside,Low,20250717_144612,22,1752756291.459,889.156666666667
Cache Aside,Low,20250717_144612,23,1752756301.459,845.706666666667
Cache Aside,Low,20250717_144612,24,1752756311.459,845.706666666667
Cache Aside,Low,20250717_144612,25,1752756321.459,845.706666666667
Cache Aside,Low,20250717_144612,26,1752756331.459,815.74
Cache Aside,Low,20250717_144612,27,1752756341.459,815.74
Cache Aside,Low,20250717_144612,28,1752756351.459,815.74
Cache Aside,Low,20250717_144612,29,1752756361.459,818.236666666667
Cache Aside,Low,20250717_144612,30,1752756371.459,818.236666666667
Cache Aside,Low,20250717_144612,0,1752756071.459,274.245931666667
Cache Aside,Low,20250717_144612,1,1752756081.459,271.629265
Cache Aside,Low,20250717_144612,2,1752756091.459,870.30336697
Cache Aside,Low,20250717_144612,3,1752756101.459,899.99026697
Cache Aside,Low,20250717_144612,4,1752756111.459,929.67716697
Cache Aside,Low,20250717_144612,5,1752756121.459,1759.54515883333
Cache Aside,Low,20250717_144612,6,1752756131.459,1826.51349216667
Cache Aside,Low,20250717_144612,7,1752756141.459,1893.4818255
Cache Aside,Low,20250717_144612,8,1752756151.459,2409.43193901429
Cache Aside,Low,20250717_144612,9,1752756161.459,2512.13008187143
Cache Aside,Low,20250717_144612,10,1752756171.459,2614.82822472857
Cache Aside,Low,20250717_144612,11,1752756181.459,3049.0562151
Cache Aside,Low,20250717_144612,12,1752756191.459,3164.2832151
Cache Aside,Low,20250717_144612,13,1752756201.459,3456.81
Cache Aside,Low,20250717_144612,14,1752756211.459,3681.20333333333
Cache Aside,Low,20250717_144612,15,1752756221.459,3681.20333333333
Cache Aside,Low,20250717_144612,16,1752756231.459,3681.20333333333
Cache Aside,Low,20250717_144612,17,1752756241.459,4285.21333333333
Cache Aside,Low,20250717_144612,18,1752756251.459,4285.21333333333
Cache Aside,Low,20250717_144612,19,1752756261.459,4285.21333333333
Cache Aside,Low,20250717_144612,20,1752756271.459,4853.42
Cache Aside,Low,20250717_144612,21,1752756281.459,4853.42
Cache Aside,Low,20250717_144612,22,1752756291.459,4853.42
Cache Aside,Low,20250717_144612,23,1752756301.459,5459.13
Cache Aside,Low,20250717_144612,24,1752756311.459,5459.13
Cache Aside,Low,20250717_144612,25,1752756321.459,5459.13
Cache Aside,Low,20250717_144612,26,1752756331.459,5961.87666666667
Cache Aside,Low,20250717_144612,27,1752756341.459,5961.87666666667
Cache Aside,Low,20250717_144612,28,1752756351.459,5961.87666666667
Cache Aside,Low,20250717_144612,29,1752756361.459,5959.58333333333
Cache Aside,Low,20250717_144612,30,1752756371.459,5959.58333333333
Cache Aside,Medium,20250717_145503,0,1752756603.276,1063.20666666667
Cache Aside,Medium,20250717_145503,1,1752756613.276,1063.20666666667
Cache Aside,Medium,20250717_145503,2,1752756623.276,1080.12666666667
Cache Aside,Medium,20250717_145503,3,1752756633.276,1080.12666666667
Cache Aside,Medium,20250717_145503,4,1752756643.276,1080.12666666667
Cache Aside,Medium,20250717_145503,5,1752756653.276,1085.87666666667
Cache Aside,Medium,20250717_145503,6,1752756663.276,1085.87666666667
Cache Aside,Medium,20250717_145503,7,1752756673.276,1085.87666666667
Cache Aside,Medium,20250717_145503,8,1752756683.276,1059.88666666667
Cache Aside,Medium,20250717_145503,9,1752756693.276,1059.88666666667
Cache Aside,Medium,20250717_145503,10,1752756703.276,1059.88666666667
Cache Aside,Medium,20250717_145503,11,1752756713.276,1031.56666666667
Cache Aside,Medium,20250717_145503,12,1752756723.276,1031.56666666667
Cache Aside,Medium,20250717_145503,13,1752756733.276,1031.56666666667
Cache Aside,Medium,20250717_145503,14,1752756743.276,995.616666666667
Cache Aside,Medium,20250717_145503,15,1752756753.276,995.616666666667
Cache Aside,Medium,20250717_145503,16,1752756763.276,995.616666666667
Cache Aside,Medium,20250717_145503,17,1752756773.276,959.283333333333
Cache Aside,Medium,20250717_145503,18,1752756783.276,959.283333333333
Cache Aside,Medium,20250717_145503,19,1752756793.276,959.283333333333
Cache Aside,Medium,20250717_145503,20,1752756803.276,933.496666666667
Cache Aside,Medium,20250717_145503,21,1752756813.276,933.496666666667
Cache Aside,Medium,20250717_145503,22,1752756823.276,933.496666666667
Cache Aside,Medium,20250717_145503,23,1752756833.276,932.883333333333
Cache Aside,Medium,20250717_145503,24,1752756843.276,932.883333333333
Cache Aside,Medium,20250717_145503,25,1752756853.276,932.883333333333
Cache Aside,Medium,20250717_145503,26,1752756863.276,907.15
Cache Aside,Medium,20250717_145503,27,1752756873.276,907.15
Cache Aside,Medium,20250717_145503,28,1752756883.276,907.15
Cache Aside,Medium,20250717_145503,29,1752756893.276,898.28
Cache Aside,Medium,20250717_145503,30,1752756903.276,898.28
Cache Aside,Medium,20250717_145503,0,1752756603.276,1017.57666666667
Cache Aside,Medium,20250717_145503,1,1752756613.276,1017.57666666667
Cache Aside,Medium,20250717_145503,2,1752756623.276,684.44
Cache Aside,Medium,20250717_145503,3,1752756633.276,684.44
Cache Aside,Medium,20250717_145503,4,1752756643.276,684.44
Cache Aside,Medium,20250717_145503,5,1752756653.276,1030.26333333333
Cache Aside,Medium,20250717_145503,6,1752756663.276,1030.26333333333
Cache Aside,Medium,20250717_145503,7,1752756673.276,1030.26333333333
Cache Aside,Medium,20250717_145503,8,1752756683.276,1586.22
Cache Aside,Medium,20250717_145503,9,1752756693.276,1586.22
Cache Aside,Medium,20250717_145503,10,1752756703.276,1586.22
Cache Aside,Medium,20250717_145503,11,1752756713.276,2134.46666666667
Cache Aside,Medium,20250717_145503,12,1752756723.276,2134.46666666667
Cache Aside,Medium,20250717_145503,13,1752756733.276,2134.46666666667
Cache Aside,Medium,20250717_145503,14,1752756743.276,2657.00666666667
Cache Aside,Medium,20250717_145503,15,1752756753.276,2657.00666666667
Cache Aside,Medium,20250717_145503,16,1752756763.276,2657.00666666667
Cache Aside,Medium,20250717_145503,17,1752756773.276,3190.67666666667
Cache Aside,Medium,20250717_145503,18,1752756783.276,3190.67666666667
Cache Aside,Medium,20250717_145503,19,1752756793.276,3190.67666666667
Cache Aside,Medium,20250717_145503,20,1752756803.276,3640.18
Cache Aside,Medium,20250717_145503,21,1752756813.276,3640.18
Cache Aside,Medium,20250717_145503,22,1752756823.276,3640.18
Cache Aside,Medium,20250717_145503,23,1752756833.276,4210.06666666667
Cache Aside,Medium,20250717_145503,24,1752756843.276,4210.06666666667
Cache Aside,Medium,20250717_145503,25,1752756853.276,4210.06666666667
Cache Aside,Medium,20250717_145503,26,1752756863.276,4753.79666666667
Cache Aside,Medium,20250717_145503,27,1752756873.276,4753.79666666667
Cache Aside,Medium,20250717_145503,28,1752756883.276,4753.79666666667
Cache Aside,Medium,20250717_145503,29,1752756893.276,5033.69
Cache Aside,Medium,20250717_145503,30,1752756903.276,5033.69
